;country_name;suc_seq;byear;duration;init_polyarchy;v2mecenefi_ord_0;v2mecenefi_ord_1;v2mecenefi_ord_2;v2mecenefi_ord_3;v2meharjrn_ord_0;v2meharjrn_ord_1;v2meharjrn_ord_2;v2meharjrn_ord_3;v2meharjrn_ord_4;v2meslfcen_ord_0;v2meslfcen_ord_1;v2meslfcen_ord_2;v2meslfcen_ord_3;v2mebias_ord_0;v2mebias_ord_1;v2mebias_ord_2;v2mebias_ord_3;v2mebias_ord_4;v2mecrit_ord_0;v2mecrit_ord_1;v2mecrit_ord_2;v2mecrit_ord_3;v2merange_ord_0;v2merange_ord_1;v2merange_ord_2;v2merange_ord_3;v2cldiscm_ord_0;v2cldiscm_ord_1;v2cldiscm_ord_2;v2cldiscm_ord_3;v2cldiscm_ord_4;v2cldiscw_ord_0;v2cldiscw_ord_1;v2cldiscw_ord_2;v2cldiscw_ord_3;v2cldiscw_ord_4;v2clacfree_ord_0;v2clacfree_ord_1;v2clacfree_ord_2;v2clacfree_ord_3;v2clacfree_ord_4;v2psparban_ord_0;v2psparban_ord_1;v2psparban_ord_2;v2psparban_ord_3;v2psparban_ord_4;v2psbars_ord_0;v2psbars_ord_1;v2psbars_ord_2;v2psbars_ord_3;v2psbars_ord_4;v2psoppaut_ord_0;v2psoppaut_ord_1;v2psoppaut_ord_2;v2psoppaut_ord_3;v2psoppaut_ord_4;v2elmulpar_ord_0;v2elmulpar_ord_1;v2elmulpar_ord_2;v2elmulpar_ord_3;v2elmulpar_ord_4;v2cseeorgs_ord_0;v2cseeorgs_ord_1;v2cseeorgs_ord_2;v2cseeorgs_ord_3;v2cseeorgs_ord_4;v2csreprss_ord_0;v2csreprss_ord_1;v2csreprss_ord_2;v2csreprss_ord_3;v2csreprss_ord_4;e_v2x_suffr_5C_0;e_v2x_suffr_5C_1;e_v2x_suffr_5C_2;e_v2x_suffr_5C_3;e_v2x_suffr_5C_4;v2elembaut_ord_0;v2elembaut_ord_1;v2elembaut_ord_2;v2elembaut_ord_3;v2elembaut_ord_4;v2elembcap_ord_0;v2elembcap_ord_1;v2elembcap_ord_2;v2elembcap_ord_3;v2elembcap_ord_4;v2elrgstry_ord_1;v2elrgstry_ord_2;v2elrgstry_ord_3;v2elrgstry_ord_4;v2elvotbuy_ord_0;v2elvotbuy_ord_1;v2elvotbuy_ord_2;v2elvotbuy_ord_3;v2elvotbuy_ord_4;v2elirreg_ord_0;v2elirreg_ord_1;v2elirreg_ord_2;v2elirreg_ord_3;v2elirreg_ord_4;v2elintim_ord_0;v2elintim_ord_1;v2elintim_ord_2;v2elintim_ord_3;v2elintim_ord_4;v2elpeace_ord_0;v2elpeace_ord_1;v2elpeace_ord_2;v2elpeace_ord_3;v2elpeace_ord_4;v2elfrfair_ord_0;v2elfrfair_ord_1;v2elfrfair_ord_2;v2elfrfair_ord_3;v2elfrfair_ord_4
1;Argentina;1;1979;4;0;NA;NA;NA;NA;0;NA;NA;NA;NA;0;NA;4;NA;0;NA;NA;4;NA;0;4;NA;NA;0;4;NA;NA;0;NA;4;NA;NA;0;NA;NA;4;NA;0;NA;4;NA;NA;0;NA;NA;NA;4;0;NA;NA;NA;4;NA;NA;0;NA;4;NA;NA;NA;NA;4;0;NA;4;NA;NA;0;3;NA;NA;NA;NA;NA;NA;NA;0;NA;0;NA;4;NA;NA;NA;NA;0;NA;NA;NA;NA;4;NA;NA;NA;4;NA;NA;NA;NA;4;NA;NA;NA;NA;NA;4;NA;NA;NA;NA;4;NA;NA;NA;NA;4
2;Austria;1;1918;1;1;NA;NA;NA;NA;NA;NA;0;1;NA;NA;NA;0;1;NA;NA;NA;0;NA;NA;NA;0;1;NA;NA;0;1;NA;NA;NA;0;1;NA;NA;NA;0;NA;NA;NA;0;1;NA;NA;NA;NA;NA;0;NA;NA;NA;0;1;NA;NA;NA;NA;0;NA;NA;NA;NA;1;NA;NA;0;1;NA;NA;NA;0;1;NA;NA;NA;NA;NA;0;NA;NA;0;1;NA;NA;NA;NA;0;NA;NA;NA;1;NA;NA;NA;NA;1;NA;NA;NA;NA;NA;1;NA;NA;NA;1;NA;NA;NA;NA;1;NA;NA;NA;NA;NA;1
3;Austria;2;1934;21;0;NA;NA;NA;NA;NA;0;NA;NA;11;1;0;NA;11;0;NA;NA;11;NA;0;NA;NA;11;NA;0;NA;11;NA;0;NA;11;NA;NA;NA;0;11;NA;NA;1;0;11;NA;NA;0;NA;11;16;NA;0;NA;NA;11;0;NA;NA;NA;11;NA;NA;NA;NA;11;1;0;11;12;NA;NA;0;11;NA;12;NA;NA;NA;NA;0;0;NA;NA;11;NA;0;NA;NA;NA;11;NA;NA;NA;11;NA;NA;NA;NA;11;NA;NA;NA;NA;11;NA;NA;NA;NA;11;NA;NA;NA;NA;11;NA;NA;NA;NA;11
4;Barbados;1;1947;19;0;NA;NA;NA;NA;NA;NA;NA;0;NA;NA;NA;0;NA;NA;NA;NA;0;NA;NA;NA;0;NA;NA;0;NA;19;NA;NA;NA;0;19;NA;NA;NA;0;19;NA;0;NA;19;NA;NA;NA;NA;4;0;NA;NA;NA;NA;0;NA;NA;0;5;9;NA;NA;NA;NA;4;NA;NA;0;19;NA;NA;NA;0;NA;19;NA;0;NA;NA;4;NA;NA;NA;0;NA;NA;NA;NA;0;NA;NA;4;14;NA;NA;NA;NA;4;NA;NA;NA;NA;4;NA;NA;NA;NA;NA;4;NA;NA;NA;4;NA;NA;NA;NA;NA;4
5;Belarus;1;1991;3;2;NA;NA;NA;2;NA;NA;0;NA;NA;NA;NA;0;NA;NA;NA;0;2;NA;NA;NA;0;NA;NA;NA;0;NA;NA;NA;NA;NA;0;NA;NA;NA;NA;0;NA;NA;NA;0;NA;NA;NA;NA;NA;0;NA;NA;NA;NA;0;NA;NA;NA;0;NA;NA;NA;NA;NA;3;NA;NA;NA;0;NA;NA;NA;NA;3;0;NA;NA;NA;NA;0;NA;NA;0;3;NA;NA;NA;NA;0;NA;NA;3;NA;NA;NA;NA;NA;NA;3;NA;NA;3;NA;NA;NA;NA;NA;NA;3;NA;NA;NA;NA;3;NA;NA;NA;3;NA
6;Belgium;1;1941;7;0;NA;NA;NA;NA;NA;NA;0;4;NA;NA;0;4;5;NA;NA;0;4;5;NA;0;4;5;NA;NA;0;5;NA;0;NA;NA;4;NA;0;NA;4;NA;NA;NA;0;NA;4;NA;0;3;4;5;NA;NA;NA;NA;0;NA;NA;NA;0;5;NA;NA;NA;NA;5;NA;NA;NA;0;5;0;NA;4;NA;5;NA;NA;0;NA;NA;NA;NA;0;4;NA;NA;NA;NA;NA;0;NA;NA;5;NA;NA;NA;NA;5;NA;NA;NA;NA;5;NA;NA;NA;NA;NA;5;NA;NA;NA;NA;5;NA;NA;NA;NA;5
7;Benin;1;1986;6;0;NA;NA;NA;NA;0;NA;4;NA;NA;0;NA;4;6;NA;NA;0;NA;4;0;4;6;NA;0;NA;4;5;NA;0;NA;NA;4;NA;0;NA;NA;4;NA;NA;0;4;5;0;NA;NA;4;6;NA;0;NA;NA;4;0;NA;4;5;6;NA;3;NA;NA;5;NA;0;NA;NA;4;NA;0;NA;NA;4;NA;NA;NA;NA;0;0;NA;4;NA;NA;NA;0;4;NA;NA;3;NA;5;NA;NA;NA;NA;3;NA;3;NA;5;NA;NA;NA;NA;3;NA;5;NA;NA;NA;3;NA;3;NA;NA;5;NA
8;Bolivia;1;1980;5;0;NA;NA;NA;NA;NA;0;NA;3;NA;0;NA;2;3;1;0;NA;2;3;NA;NA;0;2;0;2;3;NA;0;NA;NA;2;5;0;1;2;3;NA;0;2;3;NA;5;0;NA;1;2;3;0;NA;1;NA;2;NA;0;1;NA;2;NA;NA;NA;NA;0;NA;0;1;5;3;0;NA;2;3;4;NA;NA;NA;NA;0;0;3;5;NA;NA;NA;NA;0;1;NA;NA;0;5;NA;NA;NA;0;NA;NA;NA;NA;0;NA;NA;NA;NA;NA;NA;0;NA;NA;NA;0;5;NA;NA;0;NA;5
9;Botswana;1;1957;9;0;NA;NA;NA;NA;NA;0;NA;9;NA;0;NA;9;NA;NA;0;3;9;NA;0;5;9;NA;0;NA;9;NA;NA;0;5;NA;9;NA;NA;0;9;NA;NA;NA;0;9;NA;NA;NA;NA;0;2;NA;0;2;3;9;0;NA;NA;3;5;NA;NA;4;NA;8;NA;0;NA;NA;9;NA;NA;NA;0;9;0;NA;NA;NA;4;0;9;NA;NA;NA;0;NA;NA;8;NA;NA;NA;4;NA;NA;NA;4;8;NA;NA;NA;4;8;NA;NA;NA;NA;4;8;NA;NA;NA;NA;4;NA;NA;NA;NA;4
10;Brazil;1;1975;14;0;NA;NA;NA;NA;NA;0;9;NA;NA;0;5;10;14;NA;NA;0;10;NA;NA;0;5;11;NA;0;4;10;0;1;4;10;13;NA;0;4;10;13;0;4;10;11;13;0;NA;4;5;10;NA;0;4;5;10;NA;NA;0;5;10;NA;NA;3;7;11;NA;0;8;11;14;NA;0;10;11;13;NA;NA;NA;0;10;NA;NA;0;10;NA;NA;NA;NA;0;13;NA;NA;3;11;NA;3;11;NA;NA;NA;NA;3;14;NA;NA;NA;3;7;11;NA;NA;NA;3;14;NA;3;NA;7;14
11;Bulgaria;1;1986;5;0;NA;NA;NA;NA;0;3;4;NA;NA;0;NA;4;NA;0;NA;NA;NA;4;0;NA;5;4;0;NA;NA;4;NA;0;NA;NA;4;NA;NA;0;NA;4;NA;0;NA;4;NA;0;NA;NA;NA;4;NA;NA;0;NA;4;NA;0;NA;NA;4;0;NA;NA;NA;4;0;NA;NA;4;5;NA;0;NA;NA;4;NA;NA;NA;NA;0;0;NA;4;NA;NA;NA;NA;NA;4;0;NA;NA;NA;0;NA;NA;4;NA;0;NA;0;NA;NA;NA;NA;0;NA;4;5;NA;NA;NA;4;0;0;NA;NA;4;5
12;Burkina Faso;1;1987;26;0;NA;NA;NA;6;NA;0;5;NA;NA;NA;0;6;26;NA;NA;NA;0;5;NA;NA;0;6;NA;NA;0;3;NA;1;0;13;NA;NA;NA;0;4;13;NA;NA;NA;0;19;NA;NA;NA;NA;0;NA;0;4;NA;5;NA;NA;NA;5;0;NA;NA;NA;NA;4;NA;0;4;23;5;NA;NA;0;3;5;NA;NA;NA;NA;0;0;4;5;26;NA;0;NA;3;14;NA;NA;4;18;NA;NA;4;NA;NA;NA;NA;4;NA;NA;NA;NA;NA;NA;23;4;NA;NA;NA;NA;4;NA;NA;4;18;NA
13;Canada;1;1917;43;2;NA;NA;NA;NA;NA;NA;NA;0;NA;NA;NA;0;NA;NA;NA;NA;0;2;NA;NA;NA;0;NA;NA;NA;0;NA;NA;NA;NA;0;NA;NA;NA;0;43;NA;NA;NA;0;NA;NA;NA;NA;NA;0;NA;NA;NA;NA;0;NA;NA;NA;NA;0;NA;NA;NA;NA;0;NA;NA;NA;0;29;NA;NA;NA;0;29;NA;NA;0;NA;4;NA;NA;0;3;NA;NA;NA;NA;0;NA;NA;0;4;18;NA;NA;0;13;NA;NA;NA;0;13;NA;NA;NA;NA;0;4;NA;NA;NA;0;4;NA;NA;NA;0;4
14;Cape Verde;1;1976;19;0;NA;NA;NA;17;NA;NA;NA;0;15;NA;NA;0;14;NA;0;NA;NA;15;NA;NA;0;15;NA;0;NA;15;NA;NA;0;12;16;NA;NA;0;11;14;NA;NA;0;12;NA;NA;0;NA;NA;15;NA;0;NA;NA;15;NA;NA;NA;0;16;NA;4;9;NA;15;NA;NA;NA;NA;0;NA;NA;NA;0;14;NA;NA;NA;NA;0;NA;0;15;19;NA;NA;0;15;NA;NA;NA;4;9;NA;NA;NA;NA;4;NA;NA;NA;NA;4;NA;NA;NA;NA;NA;4;NA;NA;NA;NA;4;NA;NA;4;15;19
15;Chile;1;1928;42;0;NA;NA;NA;NA;NA;NA;0;NA;NA;NA;NA;0;36;3;0;5;37;NA;NA;NA;0;NA;NA;NA;0;42;NA;NA;0;4;NA;NA;NA;0;30;NA;NA;NA;0;31;NA;NA;NA;NA;21;0;NA;NA;NA;0;5;NA;NA;NA;0;5;NA;NA;2;NA;3;NA;10;0;31;NA;NA;NA;0;31;36;NA;0;NA;22;NA;NA;0;3;4;NA;NA;NA;NA;0;NA;NA;2;4;9;4;9;30;2;NA;NA;3;2;30;NA;NA;NA;2;4;9;NA;NA;NA;2;24;NA;NA;NA;2;30
16;Chile;2;1985;4;0;NA;NA;NA;NA;NA;0;NA;NA;NA;0;NA;NA;NA;0;4;NA;NA;NA;NA;0;NA;NA;0;NA;NA;NA;0;4;NA;NA;NA;0;NA;4;NA;NA;0;3;NA;NA;NA;0;2;NA;3;NA;NA;0;NA;3;NA;NA;0;NA;3;NA;NA;NA;NA;NA;4;NA;0;NA;NA;NA;0;3;NA;NA;NA;NA;NA;NA;NA;0;NA;0;3;NA;4;0;NA;NA;3;NA;NA;NA;NA;4;NA;NA;NA;4;NA;NA;NA;NA;4;NA;NA;NA;NA;NA;4;NA;NA;NA;NA;4;NA;NA;NA;NA;4
17;Colombia;1;1954;56;0;NA;NA;39;49;NA;0;5;NA;NA;NA;0;4;56;0;5;25;30;NA;0;NA;4;40;0;NA;5;38;NA;0;3;5;NA;NA;0;4;37;NA;NA;0;5;56;NA;NA;NA;NA;0;16;NA;NA;NA;0;17;NA;NA;NA;0;21;NA;NA;4;16;20;0;5;38;48;NA;NA;0;5;NA;NA;NA;NA;0;NA;4;NA;NA;0;15;36;NA;NA;0;26;48;NA;NA;8;4;16;4;NA;NA;NA;NA;4;52;NA;NA;NA;NA;4;6;56;NA;32;4;NA;NA;NA;NA;16;20;4
18;Costa Rica;1;1909;65;0;NA;NA;NA;NA;NA;NA;0;41;NA;NA;NA;51;0;NA;NA;31;0;41;NA;NA;0;41;NA;39;0;NA;NA;NA;8;0;11;NA;NA;NA;0;32;NA;NA;0;11;50;NA;NA;NA;40;0;NA;NA;NA;0;NA;NA;NA;NA;0;44;NA;NA;8;4;0;NA;NA;NA;0;40;NA;8;27;0;40;NA;NA;0;NA;41;NA;0;4;NA;40;NA;0;NA;40;42;NA;0;NA;44;4;0;44;53;NA;NA;4;0;44;NA;NA;8;31;0;44;NA;NA;39;0;40;NA;NA;4;0;44
19;Croatia;1;1942;66;0;NA;NA;NA;51;0;49;54;58;NA;0;49;54;59;0;NA;49;59;58;0;NA;49;58;0;NA;49;58;NA;0;49;51;58;NA;0;49;50;58;0;NA;49;58;NA;0;NA;NA;NA;49;NA;0;NA;49;58;0;NA;NA;49;58;NA;NA;NA;NA;50;0;50;49;58;NA;NA;0;NA;49;58;0;NA;NA;NA;49;0;NA;49;57;58;0;NA;NA;49;NA;NA;50;53;63;NA;NA;NA;50;65;53;50;65;58;NA;NA;NA;NA;50;58;NA;NA;NA;50;55;NA;NA;50;55;63
20;Cyprus;1;1956;34;0;NA;NA;NA;NA;NA;0;4;18;NA;NA;0;4;NA;NA;0;NA;4;26;NA;0;4;24;NA;0;4;5;NA;0;4;19;NA;NA;0;5;19;NA;NA;0;NA;4;NA;NA;NA;NA;0;4;NA;NA;NA;0;4;NA;NA;NA;0;4;NA;NA;4;3;14;NA;0;5;18;34;NA;0;4;6;34;0;NA;NA;NA;4;NA;NA;0;19;32;NA;NA;0;4;25;NA;3;14;25;NA;3;29;32;NA;NA;NA;3;20;NA;NA;NA;NA;3;25;NA;NA;NA;3;25;NA;NA;NA;3;27
21;Czech Republic;1;1919;5;1;NA;NA;NA;NA;NA;NA;NA;0;NA;NA;NA;NA;0;NA;NA;NA;0;NA;NA;NA;0;NA;NA;NA;NA;0;NA;NA;NA;NA;0;NA;NA;NA;NA;0;NA;NA;NA;NA;0;NA;NA;NA;NA;0;NA;NA;NA;NA;0;NA;NA;NA;NA;0;NA;NA;NA;NA;1;NA;NA;NA;NA;0;NA;NA;NA;NA;0;NA;NA;NA;NA;0;NA;NA;NA;0;NA;NA;NA;NA;NA;0;NA;NA;NA;1;NA;NA;NA;NA;1;NA;NA;NA;NA;1;NA;NA;NA;NA;1;NA;NA;NA;NA;1;NA;NA;NA;NA;1
22;Czech Republic;2;1987;3;0;NA;NA;NA;NA;NA;0;2;3;NA;0;2;NA;3;0;2;NA;NA;3;0;2;NA;3;0;2;NA;3;NA;0;2;NA;3;NA;0;2;NA;3;NA;0;2;NA;3;0;2;NA;NA;3;NA;0;NA;NA;3;NA;0;NA;NA;3;NA;NA;NA;NA;3;0;2;NA;NA;3;NA;0;NA;NA;3;NA;NA;NA;NA;0;0;NA;NA;3;NA;NA;NA;NA;NA;0;NA;NA;NA;3;NA;NA;NA;NA;3;NA;NA;NA;NA;3;NA;NA;NA;NA;3;NA;NA;NA;NA;3;NA;NA;NA;NA;3
23;Denmark;1;1900;15;1;NA;NA;NA;NA;NA;NA;NA;0;NA;NA;NA;14;0;NA;NA;NA;NA;0;NA;NA;NA;0;NA;NA;NA;0;NA;NA;NA;NA;0;NA;NA;NA;NA;0;NA;NA;NA;0;NA;NA;NA;NA;NA;0;NA;NA;NA;NA;0;NA;NA;NA;NA;0;NA;NA;NA;NA;1;NA;NA;NA;NA;0;NA;NA;NA;NA;0;NA;NA;0;NA;NA;NA;NA;NA;NA;0;NA;NA;NA;NA;0;NA;NA;NA;1;NA;NA;NA;NA;1;NA;NA;NA;NA;1;NA;NA;NA;NA;1;NA;NA;NA;NA;1;NA;NA;NA;NA;1
24;Denmark;2;1943;2;1;NA;NA;NA;NA;NA;NA;0;NA;NA;NA;NA;0;NA;NA;NA;NA;0;2;NA;NA;0;NA;NA;NA;0;NA;NA;NA;0;2;NA;NA;NA;NA;0;NA;NA;NA;0;NA;NA;NA;NA;NA;NA;0;NA;NA;NA;NA;0;NA;NA;NA;NA;0;NA;NA;NA;NA;0;NA;NA;NA;0;NA;NA;NA;NA;0;NA;NA;NA;NA;NA;0;NA;NA;NA;NA;0;NA;NA;NA;NA;0;NA;NA;NA;0;NA;NA;NA;NA;0;NA;NA;NA;NA;0;NA;NA;NA;NA;0;NA;NA;NA;NA;0;NA;NA;NA;0;2
25;Dominican Republic;1;1964;32;0;NA;NA;NA;29;NA;NA;0;15;NA;NA;NA;0;NA;NA;NA;0;1;NA;NA;NA;0;2;NA;0;2;14;NA;0;NA;24;15;NA;0;2;15;NA;NA;0;23;15;NA;NA;NA;NA;0;14;NA;6;0;14;15;NA;NA;NA;0;15;NA;NA;6;2;14;NA;NA;0;15;32;NA;NA;0;15;27;NA;NA;NA;NA;0;0;3;14;NA;NA;NA;NA;NA;0;NA;NA;26;2;32;NA;2;NA;NA;NA;2;14;22;NA;NA;NA;10;2;18;NA;NA;2;26;6;NA;NA;2;10;14;NA
26;Ecuador;1;1974;6;0;NA;NA;NA;NA;NA;0;6;NA;NA;NA;0;4;6;NA;NA;NA;0;NA;NA;NA;0;5;NA;NA;0;NA;NA;NA;0;NA;5;NA;NA;0;4;6;NA;0;NA;5;6;NA;NA;0;NA;5;NA;0;4;NA;5;NA;NA;NA;NA;0;NA;NA;NA;4;5;NA;0;5;6;NA;NA;NA;0;5;6;NA;NA;NA;NA;0;NA;0;4;6;NA;NA;NA;0;4;NA;NA;NA;NA;4;NA;NA;NA;4;NA;NA;NA;4;5;NA;NA;NA;NA;NA;4;NA;NA;NA;4;5;NA;NA;NA;4;5
27;Ecuador;2;2009;4;2;NA;NA;NA;0;NA;NA;0;NA;NA;NA;NA;0;NA;NA;NA;NA;0;NA;NA;NA;0;NA;NA;NA;0;4;NA;NA;NA;NA;0;NA;NA;NA;0;4;NA;NA;0;4;NA;NA;NA;NA;NA;0;NA;NA;NA;4;0;NA;NA;NA;NA;0;NA;NA;NA;NA;0;NA;4;0;1;NA;NA;4;0;NA;NA;NA;NA;NA;NA;0;NA;NA;0;4;NA;NA;NA;NA;0;NA;NA;NA;NA;0;NA;NA;NA;0;NA;NA;NA;NA;0;4;NA;NA;NA;0;NA;NA;NA;NA;NA;0;NA;NA;NA;NA;0
28;El Salvador;1;1981;28;0;NA;NA;NA;15;NA;0;12;NA;NA;NA;0;12;NA;0;2;12;16;NA;NA;NA;0;18;NA;0;19;NA;0;NA;11;12;13;0;NA;11;12;13;0;9;11;12;NA;NA;NA;NA;0;11;NA;NA;0;11;12;NA;NA;0;11;13;NA;NA;NA;1;7;NA;0;11;12;NA;0;10;NA;12;16;NA;NA;NA;NA;0;0;3;14;13;NA;0;2;11;21;NA;1;13;NA;NA;1;13;NA;NA;NA;NA;1;13;NA;NA;NA;1;7;13;NA;1;10;NA;13;NA;NA;1;4;13;NA
29;Estonia;1;1919;2;1;NA;NA;NA;NA;NA;NA;NA;0;NA;NA;NA;0;2;NA;NA;NA;0;2;NA;NA;0;2;NA;NA;NA;0;NA;NA;NA;0;2;NA;NA;NA;0;1;NA;NA;NA;0;NA;NA;NA;NA;NA;0;NA;NA;NA;NA;0;NA;NA;NA;NA;0;NA;NA;NA;NA;0;NA;NA;NA;0;2;NA;NA;NA;0;1;NA;NA;NA;NA;0;NA;NA;1;0;NA;NA;NA;0;1;NA;NA;NA;0;NA;NA;NA;NA;NA;0;NA;NA;NA;0;NA;NA;NA;NA;NA;0;NA;NA;NA;NA;0;NA;NA;NA;0;NA
30;Estonia;2;1990;1;0;NA;NA;NA;NA;NA;NA;NA;NA;0;NA;NA;NA;0;NA;NA;NA;NA;0;NA;NA;NA;0;NA;NA;NA;0;NA;NA;NA;NA;0;NA;NA;NA;NA;0;NA;NA;NA;0;NA;NA;NA;NA;NA;0;NA;NA;NA;NA;0;NA;NA;NA;NA;0;NA;NA;NA;NA;0;NA;NA;NA;0;NA;NA;NA;NA;NA;0;NA;NA;NA;NA;0;NA;NA;NA;0;NA;NA;NA;NA;0;NA;NA;NA;NA;0;NA;NA;NA;NA;0;NA;NA;NA;NA;0;NA;NA;NA;NA;0;NA;NA;NA;NA;0;NA;NA;NA;NA;0
31;Fiji;1;1988;5;1;NA;NA;NA;5;0;5;NA;NA;NA;NA;NA;0;NA;NA;NA;NA;NA;0;NA;NA;0;NA;NA;NA;0;NA;NA;NA;0;5;NA;NA;NA;0;5;NA;NA;0;2;3;NA;NA;NA;NA;NA;0;NA;NA;NA;0;NA;NA;NA;NA;NA;0;NA;NA;NA;NA;4;NA;NA;NA;0;NA;NA;NA;NA;0;NA;NA;NA;NA;NA;0;NA;NA;NA;0;NA;NA;NA;0;NA;NA;NA;NA;NA;4;NA;NA;NA;4;NA;NA;NA;NA;4;NA;NA;NA;NA;NA;4;NA;NA;NA;NA;4;NA;NA;NA;NA;4
32;Finland;1;1913;4;1;NA;NA;NA;NA;NA;NA;0;NA;NA;NA;1;0;NA;NA;NA;NA;0;4;NA;NA;0;NA;NA;NA;0;NA;NA;NA;NA;0;NA;NA;NA;NA;0;NA;NA;0;4;NA;NA;NA;NA;NA;NA;0;NA;NA;NA;NA;0;NA;NA;NA;NA;0;NA;NA;NA;NA;0;NA;NA;0;NA;NA;NA;NA;NA;0;NA;NA;NA;NA;NA;0;NA;NA;NA;NA;0;NA;NA;NA;NA;0;NA;NA;NA;0;NA;NA;NA;NA;0;NA;NA;NA;NA;0;NA;NA;NA;NA;0;NA;NA;NA;NA;0;NA;NA;NA;NA;0
33;Finland;2;1918;1;2;NA;NA;NA;NA;NA;NA;0;1;NA;NA;0;1;NA;NA;NA;NA;0;NA;NA;NA;0;1;NA;NA;0;NA;NA;NA;NA;0;NA;NA;NA;NA;0;NA;NA;NA;0;NA;NA;NA;NA;NA;NA;0;NA;NA;NA;NA;0;NA;NA;NA;NA;0;NA;NA;NA;NA;1;NA;NA;0;1;NA;NA;NA;NA;0;1;NA;NA;NA;NA;0;NA;NA;NA;0;NA;NA;NA;NA;NA;0;NA;NA;NA;1;NA;NA;NA;NA;1;NA;NA;NA;NA;1;NA;NA;NA;NA;1;NA;NA;NA;NA;1;NA;NA;NA;1;NA
34;Finland;3;1941;7;2;NA;NA;NA;NA;NA;NA;0;4;NA;NA;0;4;NA;NA;NA;NA;0;4;NA;NA;0;4;NA;NA;0;4;NA;NA;NA;0;7;NA;NA;NA;0;NA;NA;NA;0;7;NA;NA;NA;NA;0;4;NA;NA;NA;NA;0;NA;NA;NA;NA;0;NA;NA;NA;NA;4;NA;NA;0;4;5;NA;NA;NA;0;4;NA;NA;NA;NA;0;NA;NA;NA;0;4;NA;NA;NA;NA;0;NA;NA;NA;4;NA;NA;NA;NA;4;NA;NA;NA;NA;4;NA;NA;NA;NA;4;NA;NA;NA;NA;4;NA;NA;NA;NA;4
35;France;1;1941;27;0;NA;NA;NA;NA;NA;NA;0;22;NA;NA;NA;0;5;NA;NA;0;5;NA;NA;0;4;5;NA;0;NA;5;NA;0;NA;4;5;NA;0;NA;4;5;NA;0;NA;4;NA;NA;NA;0;3;4;NA;NA;0;4;5;NA;NA;0;5;6;NA;NA;NA;NA;4;0;NA;NA;4;9;NA;NA;0;4;5;NA;NA;0;NA;4;NA;NA;0;17;NA;NA;NA;NA;0;18;NA;NA;NA;4;NA;NA;NA;4;24;NA;NA;NA;4;NA;NA;NA;NA;NA;4;NA;NA;NA;NA;4;NA;NA;NA;NA;4
36;Georgia;1;2003;2;1;NA;NA;NA;0;NA;NA;0;NA;NA;NA;NA;0;NA;NA;NA;NA;0;NA;NA;NA;0;NA;NA;NA;NA;0;NA;NA;NA;0;NA;NA;NA;NA;0;NA;NA;NA;NA;0;NA;NA;NA;NA;NA;0;NA;NA;NA;NA;0;NA;NA;NA;NA;0;NA;NA;NA;NA;0;NA;NA;NA;0;1;NA;NA;NA;0;1;NA;NA;NA;NA;0;NA;0;NA;1;NA;NA;NA;NA;0;NA;NA;0;1;NA;NA;0;NA;1;NA;0;NA;1;NA;NA;NA;NA;0;1;NA;NA;0;NA;1;NA;NA;0;NA;1;NA
37;Georgia;2;2008;4;2;NA;NA;NA;0;NA;NA;0;NA;NA;NA;NA;0;NA;NA;NA;NA;0;NA;NA;NA;0;NA;NA;NA;NA;0;NA;NA;NA;0;NA;NA;NA;NA;0;NA;NA;NA;NA;0;NA;NA;NA;NA;NA;0;NA;NA;NA;NA;0;NA;NA;NA;0;NA;NA;NA;NA;NA;0;NA;NA;NA;4;0;NA;NA;NA;NA;0;NA;NA;NA;NA;0;NA;NA;NA;0;NA;NA;NA;NA;0;2;NA;NA;0;NA;NA;NA;4;0;NA;NA;NA;0;NA;NA;NA;NA;NA;0;NA;NA;NA;NA;0;NA;NA;NA;0;4;NA
38;Germany;1;1915;5;1;NA;NA;NA;NA;NA;NA;0;NA;NA;NA;NA;0;NA;NA;NA;0;4;NA;NA;NA;0;4;NA;NA;0;3;NA;NA;0;4;NA;NA;NA;0;4;NA;NA;NA;0;4;NA;NA;NA;NA;NA;0;NA;NA;NA;0;4;NA;NA;NA;0;4;NA;NA;NA;NA;4;NA;NA;0;4;NA;NA;NA;0;3;4;NA;NA;0;NA;4;NA;0;4;NA;NA;NA;NA;NA;0;NA;NA;NA;4;NA;NA;NA;NA;4;NA;NA;NA;4;NA;NA;NA;NA;NA;4;NA;NA;NA;4;5;NA;NA;NA;NA;4;NA
39;Germany;2;1942;10;0;NA;NA;NA;NA;0;NA;NA;NA;7;0;NA;7;NA;0;NA;NA;NA;7;0;NA;NA;7;0;NA;NA;7;0;NA;NA;NA;7;0;NA;NA;7;8;0;NA;NA;7;8;0;NA;NA;10;7;NA;0;NA;NA;7;0;NA;NA;NA;7;NA;NA;NA;NA;7;0;NA;NA;7;NA;0;NA;NA;NA;7;NA;NA;NA;NA;0;0;NA;NA;NA;7;NA;NA;0;NA;7;NA;NA;7;NA;NA;NA;NA;NA;7;NA;NA;NA;7;NA;NA;NA;NA;NA;7;NA;NA;NA;NA;7;NA;NA;NA;NA;7
40;Ghana;1;1989;7;0;NA;NA;NA;4;NA;0;4;NA;NA;NA;NA;0;7;NA;0;NA;4;NA;NA;0;4;5;NA;0;4;NA;NA;0;1;4;7;NA;0;1;4;NA;NA;0;1;4;6;NA;0;NA;NA;3;0;NA;NA;NA;3;0;NA;NA;3;NA;NA;NA;NA;NA;3;NA;0;3;4;NA;NA;NA;0;NA;4;NA;NA;NA;NA;0;NA;NA;0;1;NA;NA;NA;NA;0;NA;NA;NA;3;NA;NA;NA;7;3;NA;3;7;NA;NA;NA;NA;NA;NA;3;NA;NA;NA;3;NA;NA;NA;NA;3;7;NA
41;Greece;1;1970;5;0;NA;NA;NA;NA;0;4;NA;5;NA;0;4;NA;5;0;NA;5;NA;NA;0;NA;5;NA;0;4;5;NA;NA;0;NA;NA;5;NA;NA;0;NA;5;0;NA;5;NA;NA;NA;NA;0;4;5;0;4;NA;NA;5;0;NA;NA;NA;4;NA;NA;NA;NA;4;0;NA;5;NA;NA;0;4;NA;5;NA;NA;NA;NA;NA;0;NA;NA;0;4;NA;NA;NA;NA;0;NA;NA;NA;NA;4;NA;NA;NA;4;NA;NA;NA;NA;4;NA;NA;NA;NA;NA;4;NA;NA;NA;NA;4;NA;NA;NA;NA;4
42;Guatemala;1;1981;34;0;NA;NA;NA;12;0;4;5;NA;NA;0;4;5;NA;0;3;4;15;NA;NA;0;4;13;NA;0;4;15;0;6;NA;19;NA;0;5;19;NA;NA;0;5;16;19;NA;NA;NA;0;3;14;NA;NA;0;5;14;NA;NA;NA;0;5;NA;1;3;4;14;NA;0;4;5;16;0;3;4;13;16;NA;NA;NA;NA;0;0;3;NA;4;NA;0;3;NA;4;NA;1;3;4;34;NA;1;9;NA;NA;1;3;4;34;NA;1;NA;3;4;26;1;3;18;22;NA;1;NA;3;9;34
43;Guyana;1;1988;13;1;NA;NA;5;8;NA;5;0;NA;NA;NA;0;10;NA;NA;NA;NA;0;NA;NA;NA;0;NA;NA;NA;4;0;NA;NA;NA;0;NA;NA;NA;NA;0;NA;NA;NA;0;4;NA;NA;NA;NA;NA;0;NA;NA;NA;0;2;NA;NA;NA;NA;0;NA;NA;NA;NA;4;NA;NA;0;2;5;NA;NA;NA;0;NA;NA;NA;NA;NA;0;0;NA;4;5;NA;0;4;5;NA;NA;NA;NA;4;NA;NA;NA;NA;4;NA;NA;NA;NA;4;NA;NA;NA;4;NA;9;NA;NA;NA;4;13;NA;NA;NA;4;NA
44;Guyana;2;2009;4;2;NA;NA;NA;0;NA;NA;0;NA;NA;NA;NA;0;NA;NA;NA;NA;0;NA;NA;NA;0;NA;NA;NA;NA;0;NA;NA;NA;0;NA;NA;NA;NA;0;NA;NA;NA;0;4;NA;NA;NA;NA;NA;0;NA;NA;NA;NA;0;NA;NA;NA;NA;0;NA;NA;NA;NA;2;NA;NA;NA;NA;0;NA;NA;NA;0;4;NA;NA;NA;NA;0;NA;NA;NA;0;NA;NA;NA;0;4;NA;NA;NA;NA;2;NA;NA;NA;2;NA;NA;NA;NA;2;NA;NA;NA;NA;2;NA;NA;NA;NA;NA;2;NA;NA;NA;2;NA
45;Honduras;1;1976;26;0;NA;NA;NA;17;NA;NA;0;NA;NA;NA;NA;0;NA;NA;0;4;14;NA;NA;NA;0;NA;NA;NA;0;NA;1;0;4;19;NA;NA;0;6;15;NA;NA;NA;0;19;NA;NA;NA;0;1;18;NA;NA;NA;0;5;NA;0;1;NA;5;NA;NA;9;4;NA;3;0;NA;14;NA;2;0;7;19;NA;NA;NA;NA;NA;0;0;NA;4;9;NA;NA;0;NA;4;NA;NA;NA;4;13;NA;4;NA;NA;NA;NA;4;NA;NA;NA;NA;NA;NA;NA;4;NA;NA;5;13;4;NA;NA;NA;4;5
46;Honduras;2;2005;2;2;NA;NA;NA;0;NA;NA;0;NA;NA;NA;NA;0;NA;NA;NA;NA;0;NA;NA;NA;0;1;NA;NA;0;1;NA;NA;NA;0;NA;NA;NA;NA;0;NA;NA;NA;NA;0;2;NA;NA;NA;NA;0;NA;NA;NA;NA;0;NA;NA;NA;NA;0;NA;NA;NA;NA;0;NA;NA;NA;0;NA;NA;NA;NA;0;NA;NA;NA;NA;NA;0;NA;NA;0;NA;NA;NA;NA;NA;0;NA;NA;NA;NA;0;NA;0;NA;NA;NA;NA;0;NA;NA;NA;NA;NA;NA;NA;0;NA;NA;NA;0;NA;NA;NA;NA;0;NA
47;Hungary;1;1985;5;0;NA;NA;NA;NA;NA;NA;0;NA;5;0;1;4;5;0;3;4;NA;5;0;1;4;5;0;3;4;5;NA;NA;0;4;5;NA;NA;0;4;5;NA;0;4;NA;5;NA;0;NA;4;5;0;2;NA;4;5;0;NA;3;4;5;NA;0;NA;NA;5;0;NA;4;5;NA;NA;0;4;NA;5;NA;NA;NA;NA;0;0;NA;NA;NA;5;NA;NA;NA;NA;0;NA;NA;NA;0;NA;NA;NA;5;0;NA;NA;NA;0;5;NA;0;NA;NA;5;NA;NA;NA;NA;0;0;NA;NA;NA;5
48;Iceland;1;1901;14;1;NA;NA;NA;NA;NA;NA;NA;NA;0;NA;NA;0;NA;NA;NA;NA;NA;0;NA;NA;NA;0;NA;NA;NA;0;NA;NA;NA;NA;0;NA;NA;NA;NA;0;NA;NA;NA;0;NA;NA;NA;NA;NA;0;NA;NA;NA;NA;0;NA;NA;NA;NA;0;NA;NA;NA;NA;1;NA;NA;NA;NA;0;NA;NA;NA;NA;0;NA;0;3;NA;NA;NA;NA;NA;NA;0;NA;NA;NA;NA;0;NA;NA;NA;1;NA;NA;NA;1;7;NA;NA;NA;1;NA;NA;NA;NA;NA;1;NA;NA;NA;NA;1;NA;NA;NA;NA;1
49;India;1;1947;5;0;NA;NA;NA;NA;NA;NA;0;1;NA;NA;NA;0;NA;NA;NA;0;1;NA;NA;NA;NA;0;NA;NA;0;3;NA;NA;0;NA;1;NA;0;NA;1;NA;NA;0;NA;1;NA;NA;NA;NA;NA;0;NA;NA;NA;NA;0;NA;NA;NA;NA;0;NA;NA;NA;4;NA;NA;NA;0;2;NA;NA;0;NA;1;NA;0;NA;NA;NA;3;NA;0;NA;1;NA;NA;NA;0;1;NA;NA;NA;4;NA;NA;NA;4;NA;NA;NA;NA;NA;NA;4;NA;NA;NA;NA;4;NA;NA;NA;NA;4;NA;NA;NA;NA;4
50;India;2;1975;3;2;NA;NA;NA;NA;NA;1;0;NA;NA;NA;0;2;NA;NA;NA;0;2;3;NA;NA;0;3;NA;NA;0;2;NA;NA;NA;0;3;NA;NA;NA;0;NA;NA;0;NA;2;NA;NA;NA;NA;NA;0;NA;NA;NA;NA;0;NA;NA;NA;0;3;NA;NA;NA;NA;2;NA;1;0;3;NA;NA;NA;0;2;3;NA;NA;NA;NA;0;NA;NA;NA;0;3;NA;NA;NA;0;NA;NA;NA;2;NA;NA;NA;2;NA;NA;NA;NA;2;NA;NA;NA;NA;NA;NA;2;NA;NA;2;NA;NA;NA;NA;NA;2;NA
51;Indonesia;1;1951;5;0;NA;NA;NA;NA;NA;NA;4;0;NA;NA;NA;0;NA;NA;NA;0;4;NA;NA;NA;0;NA;NA;NA;NA;0;NA;NA;NA;NA;0;NA;NA;0;NA;NA;NA;NA;NA;0;NA;NA;NA;NA;NA;0;NA;NA;NA;NA;0;NA;NA;NA;NA;0;NA;NA;NA;NA;4;NA;NA;NA;NA;0;NA;NA;NA;NA;0;0;NA;NA;NA;5;NA;NA;NA;0;NA;NA;NA;0;NA;NA;NA;4;NA;NA;NA;NA;4;NA;NA;NA;NA;NA;4;NA;NA;NA;NA;4;NA;NA;NA;NA;4;NA;NA;NA;NA;NA;4
52;Indonesia;2;1993;6;0;NA;0;NA;6;NA;0;5;6;NA;0;5;6;NA;NA;0;NA;NA;6;NA;0;NA;5;NA;0;5;NA;NA;0;5;6;NA;0;5;NA;6;NA;NA;0;5;6;NA;NA;0;5;6;NA;NA;0;4;5;6;0;NA;5;6;NA;NA;NA;4;NA;6;NA;0;5;6;NA;NA;NA;0;5;6;NA;NA;NA;NA;0;0;5;NA;6;NA;NA;NA;NA;0;5;NA;4;6;NA;NA;4;NA;NA;NA;NA;4;6;NA;NA;NA;4;NA;NA;6;NA;NA;6;4;NA;NA;4;NA;NA;6
53;Ireland;1;1922;38;1;NA;NA;NA;NA;NA;NA;NA;0;NA;NA;0;2;NA;NA;NA;NA;0;2;NA;NA;0;1;NA;NA;0;2;NA;NA;NA;0;2;NA;NA;NA;0;2;NA;NA;0;23;NA;NA;NA;NA;NA;0;NA;NA;NA;NA;0;NA;NA;NA;NA;0;NA;NA;NA;NA;0;NA;NA;NA;0;2;NA;NA;NA;0;1;NA;NA;NA;NA;0;NA;NA;NA;0;NA;NA;NA;NA;0;1;NA;NA;NA;0;NA;NA;NA;NA;0;NA;NA;NA;NA;0;NA;NA;NA;0;10;NA;NA;NA;0;21;NA;NA;NA;NA;0
54;Italy;1;1942;38;0;NA;NA;NA;NA;0;2;4;28;NA;0;NA;4;NA;0;NA;NA;4;34;0;2;4;33;0;NA;4;NA;0;NA;NA;2;4;NA;0;NA;2;34;0;NA;NA;2;14;0;NA;2;NA;4;NA;0;1;NA;2;NA;0;NA;NA;2;NA;NA;NA;NA;4;0;4;5;6;38;0;2;NA;4;6;NA;NA;0;NA;4;0;NA;NA;2;NA;NA;NA;NA;0;2;NA;NA;4;6;NA;NA;4;30;NA;NA;NA;NA;4;NA;NA;NA;NA;NA;4;NA;NA;NA;NA;4;NA;NA;NA;NA;4
55;Jamaica;1;1950;56;1;NA;NA;NA;44;NA;NA;13;0;NA;NA;0;12;56;NA;NA;NA;0;12;NA;NA;0;40;NA;NA;0;12;NA;NA;NA;0;12;NA;NA;NA;0;10;NA;NA;NA;0;31;NA;NA;NA;NA;0;NA;NA;NA;NA;0;NA;NA;NA;NA;0;NA;NA;NA;33;5;NA;NA;NA;17;0;NA;NA;NA;0;12;NA;NA;NA;NA;0;NA;0;29;30;56;NA;NA;28;0;48;NA;30;5;12;NA;5;43;NA;NA;30;26;5;52;NA;NA;NA;NA;9;5;30;26;17;5;NA;NA;NA;5;26;52
56;Japan;1;1942;13;0;NA;NA;NA;NA;0;NA;4;5;NA;0;NA;4;NA;0;NA;NA;4;5;NA;0;4;NA;0;NA;4;5;NA;0;3;4;11;NA;NA;0;4;11;NA;0;NA;4;11;NA;NA;0;3;4;NA;NA;NA;0;4;NA;NA;0;3;4;NA;0;NA;NA;4;NA;0;4;5;NA;NA;0;4;8;13;NA;NA;0;NA;5;NA;NA;0;4;NA;NA;NA;NA;0;NA;NA;NA;NA;0;NA;NA;0;7;NA;NA;NA;NA;0;NA;NA;NA;NA;0;4;NA;NA;NA;0;4;NA;NA;0;NA;4
57;Latvia;1;1921;1;1;NA;NA;NA;NA;NA;NA;0;NA;NA;NA;NA;0;NA;NA;NA;NA;0;NA;NA;NA;NA;0;NA;NA;NA;0;NA;NA;NA;NA;0;NA;NA;NA;NA;0;NA;NA;NA;0;NA;NA;NA;NA;NA;0;NA;NA;NA;NA;0;NA;NA;NA;NA;0;NA;NA;NA;NA;1;NA;NA;NA;0;NA;NA;NA;NA;0;1;NA;NA;NA;NA;0;NA;NA;NA;0;NA;NA;NA;NA;0;NA;NA;NA;NA;1;NA;NA;NA;NA;1;NA;NA;NA;NA;1;NA;NA;NA;NA;1;NA;NA;NA;NA;1;NA;NA;NA;NA;1
58;Latvia;2;1936;56;0;NA;NA;NA;NA;NA;NA;0;54;NA;NA;0;NA;54;NA;0;NA;NA;54;NA;0;NA;54;NA;0;NA;54;NA;NA;0;NA;54;NA;NA;0;54;55;NA;NA;0;54;55;0;NA;NA;54;56;NA;0;NA;NA;54;NA;NA;NA;0;54;NA;NA;NA;54;NA;NA;0;54;55;NA;NA;NA;0;54;56;NA;NA;NA;NA;0;NA;0;54;NA;55;NA;NA;0;55;54;NA;54;NA;NA;NA;NA;NA;54;NA;NA;NA;NA;54;NA;NA;NA;NA;54;NA;NA;NA;NA;NA;54;NA;NA;NA;NA;54
59;Lesotho;1;1989;5;0;NA;NA;NA;5;NA;0;4;NA;NA;NA;NA;0;NA;NA;0;4;NA;NA;NA;0;4;NA;NA;0;NA;4;NA;NA;0;NA;4;NA;NA;0;4;NA;NA;NA;0;4;NA;NA;NA;0;1;4;NA;0;1;NA;4;NA;NA;NA;NA;0;NA;NA;NA;NA;4;NA;NA;0;4;NA;NA;NA;NA;0;4;NA;NA;NA;NA;0;NA;0;NA;3;NA;NA;0;4;NA;NA;NA;NA;4;NA;NA;NA;4;NA;NA;NA;NA;NA;NA;4;NA;NA;NA;NA;4;NA;NA;4;NA;NA;NA;NA;NA;4;NA
60;Lesotho;2;1999;3;1;NA;NA;NA;0;NA;NA;0;NA;NA;NA;NA;0;NA;NA;NA;NA;0;NA;NA;NA;0;NA;NA;NA;NA;0;NA;NA;NA;NA;0;NA;NA;NA;0;NA;NA;NA;NA;0;NA;NA;NA;NA;NA;0;NA;NA;NA;NA;0;NA;NA;NA;NA;0;NA;NA;NA;NA;3;NA;NA;NA;0;NA;NA;NA;NA;NA;0;NA;NA;NA;NA;0;NA;NA;NA;0;NA;NA;NA;0;NA;NA;NA;NA;NA;3;NA;NA;NA;3;NA;NA;NA;NA;3;NA;NA;NA;NA;NA;3;NA;NA;NA;3;NA;NA;NA;NA;NA;3
61;Liberia;1;1993;13;0;NA;NA;NA;7;NA;0;4;11;NA;NA;0;NA;11;NA;NA;0;4;13;NA;0;4;13;NA;NA;0;11;NA;4;0;12;13;NA;3;NA;0;11;NA;3;10;0;12;NA;NA;NA;NA;0;NA;NA;NA;0;11;NA;NA;0;11;NA;NA;NA;NA;NA;4;NA;NA;0;4;12;NA;NA;0;11;12;NA;NA;NA;NA;0;NA;3;0;12;NA;NA;NA;0;5;NA;NA;NA;4;12;NA;NA;4;NA;NA;NA;NA;4;NA;NA;NA;NA;NA;4;12;NA;NA;12;4;NA;NA;NA;NA;4;NA
62;Lithuania;1;1919;2;0;NA;NA;NA;NA;NA;NA;2;0;NA;NA;NA;0;NA;NA;NA;NA;0;NA;NA;NA;0;NA;NA;NA;0;NA;NA;NA;NA;0;NA;NA;NA;NA;0;NA;NA;NA;0;1;NA;NA;NA;NA;NA;0;NA;NA;NA;NA;0;NA;NA;NA;NA;0;NA;NA;NA;NA;1;NA;NA;0;NA;NA;NA;NA;NA;NA;0;0;NA;NA;NA;1;NA;NA;NA;0;NA;NA;NA;NA;0;NA;NA;NA;1;NA;NA;NA;NA;NA;1;NA;NA;NA;1;NA;NA;NA;NA;NA;1;NA;NA;NA;NA;1;NA;NA;NA;NA;1
63;Lithuania;2;1936;55;0;NA;NA;NA;NA;NA;NA;0;54;NA;NA;0;54;NA;NA;0;NA;54;NA;NA;NA;0;54;0;NA;NA;54;NA;NA;0;NA;54;NA;NA;0;NA;54;NA;NA;0;54;NA;0;NA;NA;55;54;NA;0;NA;NA;54;0;3;NA;NA;54;NA;NA;0;NA;54;0;NA;NA;NA;54;NA;NA;0;NA;54;NA;NA;NA;NA;0;NA;NA;0;54;55;NA;NA;NA;0;54;NA;0;NA;54;NA;NA;NA;NA;0;NA;0;NA;NA;54;NA;NA;0;NA;54;NA;NA;NA;NA;0;NA;NA;0;NA;54
64;Macedonia;1;1992;6;1;NA;NA;NA;1;NA;NA;NA;0;NA;NA;NA;0;NA;NA;NA;NA;0;3;NA;0;4;NA;NA;NA;0;NA;NA;NA;NA;0;NA;NA;NA;NA;0;NA;NA;NA;0;NA;NA;NA;NA;NA;NA;0;NA;NA;NA;NA;0;NA;NA;NA;2;0;NA;NA;NA;NA;2;NA;NA;0;6;NA;NA;NA;NA;0;NA;NA;NA;NA;NA;0;NA;NA;0;6;NA;NA;NA;NA;0;NA;NA;NA;2;NA;NA;2;6;NA;NA;NA;2;NA;6;NA;NA;NA;NA;2;NA;NA;NA;NA;NA;2;NA;NA;2;NA;6
65;Macedonia;2;1999;3;2;NA;NA;NA;0;NA;NA;1;0;NA;NA;NA;0;NA;NA;NA;NA;1;0;NA;NA;0;NA;NA;NA;0;3;NA;NA;NA;0;NA;NA;NA;2;0;NA;NA;NA;0;1;NA;NA;NA;NA;NA;0;NA;NA;NA;NA;0;NA;NA;NA;0;NA;NA;NA;NA;NA;0;NA;NA;NA;0;NA;NA;NA;NA;0;1;NA;NA;NA;NA;0;NA;NA;0;1;NA;NA;NA;NA;0;NA;NA;NA;0;NA;NA;0;NA;NA;NA;0;NA;NA;3;NA;NA;NA;NA;0;NA;NA;NA;NA;0;NA;NA;NA;0;NA;3
66;Mali;1;1984;9;0;NA;NA;NA;NA;NA;0;3;NA;NA;NA;0;8;NA;NA;0;NA;7;8;NA;0;8;NA;0;4;7;8;NA;0;6;NA;8;NA;NA;0;6;NA;NA;NA;NA;0;7;0;NA;7;NA;8;NA;0;NA;7;8;0;7;NA;8;NA;1;4;NA;NA;8;NA;0;NA;7;8;NA;NA;0;NA;7;NA;NA;NA;NA;0;0;8;NA;NA;NA;0;7;NA;8;NA;4;1;8;NA;NA;NA;8;1;NA;1;NA;8;NA;NA;NA;1;NA;NA;8;NA;NA;NA;1;NA;NA;1;NA;8;NA
67;Mali;2;1998;4;2;NA;NA;NA;0;NA;NA;0;NA;NA;NA;NA;0;NA;NA;NA;NA;NA;0;NA;NA;0;NA;NA;NA;NA;0;NA;NA;NA;NA;0;NA;NA;NA;0;NA;NA;NA;NA;NA;0;NA;NA;NA;NA;0;NA;NA;NA;NA;0;NA;NA;NA;0;NA;NA;NA;NA;NA;4;NA;NA;NA;NA;0;NA;NA;NA;NA;0;NA;NA;NA;NA;0;NA;NA;NA;0;NA;NA;NA;NA;0;NA;NA;NA;4;NA;4;NA;NA;NA;NA;NA;4;NA;NA;NA;NA;NA;NA;NA;4;NA;NA;NA;4;NA;NA;NA;NA;4;NA
68;Mauritius;1;1944;38;0;NA;NA;NA;NA;NA;NA;0;14;NA;NA;NA;0;36;NA;NA;NA;24;0;NA;NA;0;25;NA;NA;NA;0;NA;NA;0;4;38;NA;NA;NA;0;NA;NA;NA;0;25;NA;NA;NA;NA;NA;0;NA;NA;NA;NA;0;NA;NA;NA;NA;0;NA;NA;NA;NA;4;NA;NA;0;4;NA;NA;NA;0;4;36;0;NA;5;NA;15;NA;0;3;4;25;NA;NA;0;4;25;NA;NA;NA;4;NA;4;NA;NA;NA;NA;NA;4;9;32;NA;NA;NA;NA;4;NA;4;9;NA;32;NA;NA;NA;4;32
69;Mexico;1;1942;55;0;NA;NA;NA;51;NA;0;27;NA;NA;NA;NA;0;NA;NA;NA;0;47;NA;NA;0;36;NA;NA;0;49;NA;NA;NA;NA;0;NA;NA;NA;0;35;NA;NA;NA;0;25;53;NA;NA;NA;0;36;NA;NA;0;34;39;NA;NA;0;34;47;NA;NA;1;37;46;NA;NA;0;NA;NA;NA;6;0;NA;NA;NA;NA;0;NA;12;0;48;NA;54;55;NA;0;2;32;48;1;4;49;55;1;40;55;NA;NA;1;46;55;NA;NA;NA;1;13;49;55;NA;NA;1;13;49;1;40;46;49;NA
70;Moldova;1;1991;3;2;NA;NA;NA;NA;NA;NA;0;NA;NA;NA;NA;0;NA;NA;NA;NA;NA;0;NA;NA;0;NA;NA;NA;0;NA;NA;NA;NA;0;NA;NA;NA;NA;0;NA;NA;NA;NA;0;NA;NA;NA;NA;1;0;NA;NA;NA;NA;0;NA;NA;NA;NA;0;NA;NA;0;NA;3;NA;NA;0;3;NA;NA;NA;NA;NA;0;NA;NA;NA;NA;0;NA;NA;3;0;NA;NA;NA;0;2;NA;NA;0;3;NA;NA;NA;0;NA;NA;NA;NA;NA;0;NA;NA;NA;NA;0;3;NA;NA;NA;NA;0;NA;NA;NA;0;NA
71;Moldova;2;1995;1;2;NA;NA;NA;0;NA;NA;0;NA;NA;NA;NA;0;NA;NA;NA;NA;NA;0;NA;NA;0;NA;NA;NA;0;NA;NA;NA;NA;0;NA;NA;NA;NA;0;NA;NA;NA;NA;0;NA;NA;NA;NA;NA;0;NA;NA;NA;NA;0;NA;NA;NA;NA;0;NA;NA;NA;NA;1;NA;NA;NA;0;NA;NA;NA;NA;NA;0;NA;NA;NA;NA;0;NA;NA;0;NA;NA;NA;NA;NA;0;NA;NA;NA;1;NA;NA;NA;1;NA;NA;NA;NA;NA;1;NA;NA;NA;NA;NA;1;NA;NA;NA;NA;1;NA;NA;NA;1;NA
72;Moldova;3;2006;4;2;NA;NA;1;0;NA;NA;0;4;NA;NA;NA;0;NA;NA;NA;NA;0;4;NA;NA;0;NA;NA;NA;0;4;NA;NA;NA;0;NA;NA;NA;NA;0;NA;NA;NA;0;4;NA;NA;NA;NA;NA;0;NA;NA;NA;0;3;NA;NA;NA;0;3;NA;NA;NA;NA;3;NA;NA;0;4;NA;NA;NA;NA;0;4;NA;NA;NA;NA;0;NA;NA;NA;0;NA;NA;NA;NA;0;4;NA;NA;3;NA;NA;3;4;NA;NA;NA;NA;3;4;NA;NA;NA;NA;3;4;NA;NA;NA;NA;3;NA;NA;NA;3;NA
73;Mongolia;1;1986;6;0;NA;NA;NA;NA;NA;0;4;6;NA;0;4;5;NA;0;NA;NA;4;5;0;NA;4;6;0;3;4;5;NA;0;4;NA;6;NA;0;NA;4;6;NA;0;4;5;6;0;NA;NA;4;5;NA;0;NA;4;5;0;NA;NA;4;5;NA;0;NA;4;6;0;4;5;6;NA;NA;0;3;4;5;NA;NA;NA;NA;0;0;NA;4;NA;NA;NA;NA;NA;0;NA;NA;NA;0;NA;NA;NA;NA;4;0;NA;NA;NA;4;0;NA;0;NA;4;NA;NA;NA;NA;NA;0;0;NA;NA;4;6
74;Namibia;1;1985;7;0;NA;NA;NA;NA;NA;0;5;NA;NA;NA;0;2;NA;NA;NA;0;5;NA;NA;NA;0;NA;NA;NA;0;5;NA;0;NA;5;6;NA;NA;0;5;6;NA;0;NA;5;NA;NA;NA;0;3;4;NA;NA;0;NA;4;NA;NA;0;NA;4;NA;NA;NA;NA;4;NA;0;NA;5;NA;NA;0;NA;NA;5;0;NA;NA;NA;4;0;NA;4;5;NA;NA;0;5;4;NA;NA;NA;4;NA;NA;4;NA;NA;NA;NA;NA;4;NA;NA;NA;NA;NA;4;NA;NA;NA;NA;4;NA;NA;NA;4;NA;NA
75;Netherlands;1;1916;4;2;NA;NA;NA;NA;NA;NA;NA;0;NA;NA;NA;0;NA;NA;NA;NA;0;3;NA;NA;0;NA;NA;NA;NA;0;NA;NA;NA;0;NA;NA;NA;NA;0;NA;NA;NA;NA;0;NA;NA;NA;NA;NA;0;NA;NA;NA;NA;0;NA;NA;NA;NA;0;NA;NA;NA;NA;1;NA;NA;NA;0;NA;NA;NA;NA;0;NA;NA;0;2;NA;4;NA;NA;NA;0;NA;NA;NA;NA;NA;0;NA;NA;1;2;NA;NA;NA;1;2;NA;NA;NA;1;NA;NA;NA;NA;NA;1;NA;NA;NA;NA;1;NA;NA;NA;NA;1
76;Netherlands;2;1941;7;0;NA;NA;NA;NA;0;NA;4;5;NA;NA;0;4;NA;NA;NA;0;NA;5;NA;NA;0;5;NA;NA;0;4;NA;NA;0;5;NA;NA;NA;0;NA;5;NA;0;NA;5;NA;NA;3;0;4;5;NA;NA;NA;NA;0;NA;NA;NA;0;5;NA;NA;NA;NA;5;NA;NA;0;5;NA;NA;0;NA;NA;5;NA;NA;NA;NA;0;NA;NA;NA;0;NA;NA;NA;NA;NA;0;NA;NA;NA;5;NA;NA;NA;NA;5;NA;NA;NA;NA;5;NA;NA;NA;NA;5;NA;NA;NA;NA;5;NA;NA;NA;NA;5
77;Nicaragua;1;1980;10;0;NA;NA;NA;NA;NA;NA;0;10;NA;NA;NA;0;NA;NA;0;NA;NA;10;NA;NA;0;NA;NA;NA;0;10;NA;2;0;10;NA;NA;NA;2;0;NA;NA;NA;0;1;NA;NA;NA;NA;0;3;NA;NA;NA;0;10;NA;NA;NA;0;10;NA;NA;NA;NA;4;NA;NA;2;0;NA;NA;2;0;10;NA;NA;NA;NA;NA;0;NA;0;3;9;NA;NA;0;4;9;NA;NA;4;NA;10;NA;NA;4;NA;NA;NA;NA;4;10;NA;NA;NA;NA;4;10;NA;NA;4;10;NA;NA;NA;NA;4;NA
78;Niger;1;1985;19;0;NA;NA;13;15;0;4;5;14;NA;NA;0;4;6;0;NA;3;4;8;NA;0;4;15;0;2;3;4;NA;0;3;15;NA;NA;0;3;5;15;NA;NA;NA;0;15;NA;0;NA;5;6;NA;0;NA;5;15;0;NA;NA;5;6;NA;NA;4;11;8;0;3;5;15;NA;NA;NA;0;15;NA;NA;NA;NA;NA;0;0;6;11;8;NA;0;NA;11;8;NA;NA;14;4;NA;NA;8;19;4;NA;11;10;8;4;NA;NA;NA;4;8;NA;NA;NA;14;8;4;NA;4;NA;14;8
79;Niger;2;2010;1;1;NA;NA;0;NA;NA;NA;1;0;NA;NA;NA;NA;0;NA;NA;NA;0;1;NA;NA;0;NA;NA;NA;NA;0;NA;NA;NA;0;NA;NA;NA;NA;0;NA;NA;NA;NA;NA;0;NA;NA;NA;NA;0;NA;NA;NA;NA;0;NA;NA;NA;NA;0;NA;NA;NA;NA;1;NA;NA;NA;0;NA;NA;NA;NA;0;1;NA;NA;NA;NA;0;NA;0;NA;1;NA;NA;NA;NA;0;NA;NA;NA;NA;1;NA;NA;1;NA;NA;NA;NA;1;NA;NA;NA;NA;NA;1;NA;NA;NA;NA;NA;1;NA;NA;NA;1;NA
80;Nigeria;1;1994;21;0;NA;NA;NA;0;NA;0;5;NA;NA;NA;NA;0;5;NA;NA;NA;0;5;NA;NA;NA;0;NA;NA;NA;0;NA;0;4;5;NA;NA;NA;0;5;NA;NA;NA;NA;0;19;NA;NA;NA;0;3;NA;NA;NA;0;3;NA;NA;0;5;NA;NA;NA;NA;NA;4;NA;NA;1;0;16;NA;NA;0;5;6;NA;NA;NA;NA;0;NA;NA;0;19;NA;0;5;16;20;NA;NA;4;17;21;13;4;NA;NA;NA;4;5;17;NA;NA;NA;NA;9;4;NA;NA;4;5;21;NA;NA;9;4;17;NA
81;Norway;1;1901;13;1;NA;NA;NA;NA;NA;NA;NA;0;NA;NA;NA;0;NA;NA;NA;NA;0;NA;NA;NA;0;NA;NA;NA;0;5;NA;NA;NA;0;NA;NA;NA;NA;0;NA;NA;NA;NA;0;NA;NA;NA;NA;NA;0;NA;NA;NA;NA;0;NA;NA;NA;NA;0;NA;NA;NA;NA;2;NA;NA;NA;NA;0;NA;NA;NA;NA;0;NA;NA;0;NA;13;NA;NA;NA;0;4;NA;NA;NA;0;NA;NA;NA;2;0;NA;NA;NA;NA;2;NA;NA;NA;2;NA;NA;NA;NA;NA;2;NA;NA;NA;NA;2;NA;NA;NA;NA;2
82;Norway;2;1942;3;0;NA;NA;NA;NA;NA;0;NA;NA;NA;0;3;NA;NA;0;3;NA;NA;NA;NA;0;3;NA;NA;0;NA;NA;NA;NA;0;NA;NA;NA;NA;0;NA;NA;NA;NA;NA;0;NA;NA;0;NA;NA;3;NA;NA;0;NA;3;NA;NA;0;3;NA;NA;NA;NA;NA;3;NA;1;0;NA;NA;NA;NA;0;NA;NA;NA;NA;NA;NA;0;NA;NA;NA;0;3;NA;NA;NA;0;3;NA;NA;NA;3;NA;NA;NA;NA;3;NA;NA;NA;NA;3;NA;NA;NA;NA;3;NA;NA;NA;NA;3;NA;NA;NA;NA;3
83;Panama;1;1986;5;0;NA;NA;NA;NA;0;NA;4;NA;NA;0;NA;4;NA;NA;0;NA;4;NA;NA;0;NA;4;0;NA;4;NA;NA;0;NA;NA;4;NA;NA;0;NA;4;NA;0;NA;4;NA;NA;NA;NA;NA;0;NA;NA;0;NA;4;NA;NA;NA;0;4;NA;NA;NA;NA;3;NA;0;NA;4;NA;NA;NA;NA;0;NA;NA;NA;NA;NA;0;0;NA;NA;4;NA;0;NA;NA;4;NA;3;NA;5;NA;NA;5;3;NA;NA;NA;NA;NA;3;NA;NA;NA;3;NA;5;NA;NA;3;NA;5;3;NA;NA;NA;5
84;Paraguay;1;1986;18;0;NA;NA;NA;7;0;3;4;NA;NA;0;4;18;NA;0;NA;4;14;NA;NA;0;4;NA;0;NA;4;NA;0;NA;NA;4;18;NA;0;NA;4;NA;0;NA;NA;4;NA;NA;NA;NA;0;3;NA;NA;0;3;4;NA;NA;0;NA;4;NA;NA;2;3;5;0;1;NA;4;6;NA;0;3;4;NA;NA;NA;NA;NA;0;0;4;5;7;NA;0;NA;4;7;NA;2;3;12;NA;2;5;NA;NA;NA;NA;2;5;NA;NA;NA;2;NA;3;17;NA;NA;NA;NA;2;2;NA;3;5;NA
85;Peru;1;1979;1;0;NA;NA;NA;NA;NA;NA;0;NA;NA;NA;NA;0;NA;0;NA;NA;NA;1;NA;NA;0;1;NA;NA;0;1;NA;NA;NA;0;NA;NA;0;NA;NA;NA;NA;NA;0;1;NA;NA;NA;NA;NA;0;NA;NA;NA;NA;0;NA;NA;NA;NA;0;NA;NA;NA;NA;1;NA;NA;0;1;NA;NA;NA;NA;0;1;NA;NA;NA;0;1;NA;NA;NA;NA;0;NA;0;NA;1;NA;NA;NA;NA;1;NA;1;NA;NA;NA;NA;NA;NA;1;NA;NA;NA;NA;NA;1;NA;NA;NA;1;NA;NA;NA;NA;1;NA
86;Peru;2;1996;4;1;NA;NA;NA;0;NA;0;4;NA;NA;NA;0;4;NA;NA;2;NA;0;NA;NA;NA;0;NA;NA;NA;0;NA;NA;NA;0;4;NA;NA;0;NA;NA;NA;NA;NA;0;NA;NA;NA;NA;NA;NA;0;NA;NA;NA;0;NA;NA;NA;NA;0;NA;NA;NA;NA;NA;4;NA;NA;NA;0;NA;NA;NA;NA;0;NA;NA;NA;NA;NA;0;NA;NA;NA;0;NA;NA;NA;NA;0;NA;NA;NA;4;NA;NA;4;NA;NA;NA;NA;4;NA;NA;NA;NA;4;NA;NA;NA;NA;NA;4;NA;NA;NA;4;NA;NA;NA
87;Philippines;1;1982;6;0;NA;NA;NA;NA;NA;0;4;NA;NA;0;1;4;NA;NA;0;NA;4;5;NA;0;4;5;0;NA;4;5;NA;0;4;NA;5;NA;0;4;NA;5;0;4;NA;5;NA;NA;NA;0;4;NA;NA;NA;0;4;5;NA;NA;0;4;NA;NA;NA;NA;2;5;NA;0;4;5;NA;NA;0;4;NA;5;NA;NA;NA;NA;0;0;4;NA;5;NA;0;4;5;NA;NA;NA;NA;2;NA;2;5;NA;NA;NA;2;4;5;NA;NA;NA;2;NA;5;NA;4;NA;2;NA;NA;NA;2;NA;NA;5
88;Philippines;2;1992;3;2;NA;NA;NA;1;NA;NA;NA;0;NA;NA;NA;NA;0;NA;NA;NA;NA;0;NA;NA;NA;0;NA;NA;NA;0;NA;NA;NA;NA;0;NA;NA;NA;NA;0;NA;NA;NA;0;NA;NA;NA;NA;0;NA;NA;NA;NA;NA;0;NA;NA;NA;0;NA;NA;NA;NA;NA;0;NA;NA;NA;NA;0;NA;NA;NA;NA;0;NA;NA;NA;NA;0;NA;NA;NA;0;NA;NA;NA;0;NA;NA;NA;NA;0;NA;NA;0;NA;NA;NA;NA;3;0;NA;NA;NA;NA;NA;0;NA;NA;NA;NA;0;NA;NA;NA;NA;0;NA
89;Poland;1;1976;14;0;NA;NA;NA;NA;NA;0;NA;13;14;0;4;13;14;0;4;13;NA;14;0;4;13;NA;0;NA;13;14;NA;0;4;13;14;NA;0;4;13;14;NA;0;NA;13;14;0;NA;13;NA;14;NA;NA;0;13;14;0;13;NA;NA;14;0;NA;13;NA;14;NA;0;4;13;14;NA;6;0;4;14;NA;NA;NA;NA;0;0;NA;NA;NA;14;NA;NA;NA;13;0;NA;NA;0;13;NA;NA;13;0;NA;NA;0;4;NA;13;NA;0;NA;NA;13;NA;NA;NA;NA;0;0;NA;13;NA;14
90;Portugal;1;1970;8;0;NA;NA;NA;NA;NA;0;NA;4;NA;0;NA;4;5;0;NA;NA;NA;4;NA;0;4;6;0;NA;4;6;NA;0;NA;NA;4;NA;0;NA;NA;4;NA;0;NA;4;5;0;NA;4;NA;5;NA;0;NA;4;5;NA;0;NA;4;5;NA;NA;NA;3;6;NA;0;NA;4;5;NA;0;NA;4;5;NA;NA;NA;0;5;0;NA;4;5;NA;NA;0;NA;4;5;NA;NA;3;6;NA;3;5;NA;NA;NA;3;5;NA;NA;NA;NA;3;NA;5;NA;NA;NA;3;NA;NA;3;NA;5;NA
91;Romania;1;1971;25;0;NA;NA;NA;24;NA;0;19;20;NA;0;NA;NA;19;0;NA;NA;19;NA;0;NA;19;NA;NA;0;NA;19;0;NA;NA;NA;19;0;NA;NA;19;21;0;NA;NA;19;NA;0;NA;NA;NA;19;NA;0;NA;NA;19;0;18;NA;19;21;4;NA;NA;NA;19;0;NA;NA;19;25;0;NA;NA;19;NA;NA;NA;NA;NA;0;0;NA;19;25;NA;NA;NA;NA;0;NA;NA;NA;19;4;NA;NA;19;NA;4;NA;NA;25;19;4;NA;4;19;NA;NA;NA;NA;NA;19;4;4;NA;NA;19;25
92;Romania;2;2004;1;2;NA;NA;NA;0;NA;NA;NA;0;NA;NA;NA;0;NA;NA;NA;NA;0;NA;NA;NA;0;NA;NA;NA;NA;0;NA;NA;NA;NA;0;NA;NA;NA;NA;0;NA;NA;NA;0;NA;NA;NA;NA;NA;0;NA;NA;NA;NA;0;NA;NA;NA;NA;0;NA;NA;NA;NA;0;NA;NA;NA;NA;0;NA;NA;NA;NA;0;NA;NA;NA;NA;0;NA;NA;NA;0;NA;NA;NA;NA;0;NA;NA;NA;0;NA;NA;0;NA;NA;NA;NA;NA;0;NA;NA;NA;NA;NA;0;NA;NA;NA;NA;0;NA;NA;NA;NA;0;NA
93;SÌ£o TomÌ© och PrÌ_ncipe;1;1987;5;0;NA;NA;NA;NA;NA;0;3;NA;NA;NA;NA;0;NA;NA;0;NA;3;NA;NA;0;3;NA;0;NA;3;NA;NA;0;3;4;NA;NA;NA;0;3;NA;NA;NA;0;3;NA;NA;NA;0;NA;4;NA;NA;0;NA;4;3;NA;0;5;NA;NA;NA;NA;NA;4;NA;0;NA;4;NA;NA;NA;0;4;5;NA;NA;NA;NA;0;NA;0;3;4;NA;NA;NA;0;3;NA;NA;NA;NA;4;NA;NA;NA;4;NA;NA;NA;NA;4;NA;NA;NA;NA;NA;4;NA;NA;NA;NA;4;NA;NA;NA;4;NA
94;Senegal;1;1974;19;1;NA;NA;NA;19;NA;NA;0;NA;NA;NA;NA;0;NA;NA;0;2;7;NA;NA;NA;0;NA;NA;0;6;7;NA;NA;NA;0;NA;NA;NA;0;2;NA;NA;NA;NA;NA;0;NA;NA;NA;0;8;NA;NA;NA;NA;0;NA;NA;NA;0;NA;NA;NA;NA;NA;4;NA;0;6;7;17;NA;NA;NA;0;8;NA;NA;NA;NA;0;NA;NA;NA;0;NA;NA;NA;NA;0;18;NA;NA;4;19;NA;4;NA;NA;NA;NA;NA;4;19;NA;NA;NA;4;NA;NA;NA;19;4;9;NA;NA;NA;4;9;19
95;Serbia;1;1991;10;0;NA;NA;NA;5;NA;0;9;NA;NA;NA;0;9;NA;NA;NA;0;9;10;NA;NA;0;NA;0;6;NA;9;NA;NA;0;9;10;NA;NA;NA;0;9;NA;NA;0;9;10;NA;NA;NA;NA;0;NA;NA;NA;NA;0;NA;NA;NA;0;10;NA;NA;NA;NA;1;NA;0;NA;9;NA;NA;1;0;10;NA;NA;NA;NA;NA;0;NA;0;NA;9;NA;NA;NA;0;1;NA;NA;NA;1;NA;NA;1;9;NA;NA;NA;1;NA;NA;NA;NA;NA;1;9;NA;NA;NA;1;9;NA;NA;NA;1;9;NA
96;Sierra Leone;1;1999;4;1;NA;NA;NA;3;NA;NA;0;NA;NA;NA;NA;0;NA;NA;NA;NA;0;NA;NA;NA;0;NA;NA;NA;3;0;NA;NA;0;3;NA;NA;NA;0;1;NA;NA;NA;NA;0;NA;NA;NA;NA;NA;0;NA;NA;NA;NA;0;NA;NA;NA;0;NA;NA;NA;NA;NA;3;NA;NA;NA;0;3;NA;NA;NA;0;3;NA;NA;NA;NA;0;NA;NA;0;3;NA;NA;NA;0;3;NA;NA;NA;3;NA;NA;NA;3;NA;NA;NA;NA;3;NA;NA;NA;NA;NA;3;NA;NA;NA;NA;3;NA;NA;NA;NA;3;NA
97;Solomon Islands;1;1960;54;0;NA;NA;NA;36;NA;NA;0;10;NA;NA;0;13;NA;0;NA;10;14;NA;NA;0;10;NA;0;20;NA;22;NA;NA;NA;0;NA;NA;NA;0;19;NA;NA;18;0;19;NA;NA;NA;NA;NA;0;NA;NA;NA;0;12;NA;0;NA;12;NA;NA;NA;4;NA;16;NA;NA;0;15;NA;NA;NA;0;18;19;0;NA;NA;NA;4;0;NA;16;4;NA;0;NA;16;3;NA;NA;4;20;NA;NA;37;4;7;NA;NA;4;46;NA;NA;NA;NA;NA;NA;4;NA;NA;46;4;24;NA;NA;29;4;NA
98;South Africa;1;1985;10;0;NA;NA;NA;8;NA;0;9;NA;NA;NA;0;4;NA;NA;NA;0;5;10;NA;NA;0;9;NA;NA;0;9;NA;0;5;NA;9;0;4;NA;9;NA;NA;0;9;10;NA;NA;NA;NA;0;6;NA;NA;0;5;6;NA;NA;NA;0;9;NA;NA;2;4;9;NA;0;5;6;9;NA;0;5;8;10;NA;0;NA;NA;10;NA;0;4;8;NA;NA;NA;NA;0;NA;2;9;NA;NA;NA;NA;2;4;NA;NA;NA;9;2;NA;NA;NA;2;9;NA;NA;NA;2;NA;NA;NA;2;NA;9;NA
99;South Korea;1;1972;25;0;NA;NA;NA;21;NA;0;8;NA;NA;9;0;8;17;NA;NA;1;0;16;NA;1;0;16;NA;9;0;16;NA;0;8;15;17;NA;0;8;15;18;0;8;15;17;NA;NA;NA;NA;8;0;NA;NA;NA;0;16;NA;NA;0;13;16;NA;NA;NA;1;13;0;8;15;16;NA;NA;0;13;16;NA;NA;NA;NA;NA;0;NA;0;NA;15;NA;NA;NA;0;15;21;NA;NA;1;9;NA;1;15;NA;NA;NA;1;15;16;NA;NA;1;13;15;25;NA;NA;NA;1;13;NA;1;13;NA;15
100;Spain;1;1973;5;0;NA;NA;NA;NA;0;NA;3;4;5;0;2;4;5;0;2;NA;NA;5;0;3;NA;4;0;NA;3;5;0;NA;3;NA;5;NA;0;NA;3;NA;NA;0;NA;4;NA;0;NA;NA;4;5;NA;0;NA;4;5;0;1;NA;4;5;NA;NA;NA;NA;4;NA;0;NA;4;5;NA;NA;0;4;5;NA;NA;NA;NA;0;0;NA;NA;4;5;NA;0;NA;NA;4;NA;NA;NA;4;NA;NA;NA;4;NA;NA;NA;NA;4;NA;NA;NA;NA;4;NA;NA;NA;NA;NA;4;NA;NA;NA;NA;4
101;Sri Lanka;1;1907;41;0;NA;NA;NA;NA;NA;NA;NA;0;NA;NA;NA;NA;0;NA;NA;0;24;NA;NA;0;23;41;NA;0;41;NA;NA;NA;NA;0;13;NA;NA;NA;0;13;NA;NA;NA;0;NA;NA;NA;NA;0;29;NA;NA;NA;NA;0;NA;NA;0;24;41;4;NA;24;NA;40;NA;NA;0;41;NA;NA;NA;NA;0;41;0;NA;NA;NA;25;0;14;NA;NA;NA;NA;NA;0;40;NA;4;24;40;NA;NA;NA;NA;24;4;NA;NA;NA;40;4;NA;NA;NA;NA;4;NA;NA;NA;NA;4;NA;NA;NA;NA;4
102;Sri Lanka;2;2012;4;2;NA;NA;0;3;NA;0;1;NA;NA;NA;NA;0;3;NA;NA;NA;0;4;NA;NA;0;NA;NA;NA;0;1;NA;NA;1;0;3;NA;NA;NA;0;NA;NA;NA;0;3;NA;NA;NA;NA;NA;0;NA;NA;NA;NA;0;NA;NA;NA;NA;0;NA;NA;NA;NA;3;NA;NA;1;0;3;NA;NA;1;0;4;NA;NA;NA;NA;0;NA;NA;0;1;NA;NA;NA;NA;0;NA;NA;NA;NA;3;NA;NA;3;NA;NA;NA;NA;NA;3;NA;NA;NA;3;NA;NA;NA;NA;3;NA;NA;NA;NA;NA;3;NA
103;Suriname;1;1945;30;0;NA;NA;NA;NA;NA;NA;0;NA;NA;NA;NA;0;NA;NA;NA;NA;0;10;NA;NA;0;NA;NA;NA;NA;0;NA;NA;NA;0;30;NA;NA;NA;0;29;NA;NA;NA;0;NA;NA;NA;NA;0;4;NA;NA;NA;0;5;NA;NA;NA;0;10;NA;NA;NA;NA;4;NA;NA;0;12;NA;NA;NA;NA;0;NA;0;NA;NA;NA;4;NA;NA;NA;0;4;NA;NA;NA;NA;0;NA;NA;4;NA;NA;NA;24;4;NA;NA;NA;NA;NA;4;NA;NA;NA;NA;4;NA;NA;NA;NA;4;NA;NA;NA;NA;4
104;Suriname;2;1983;17;0;NA;NA;NA;10;0;5;6;7;NA;0;5;6;NA;NA;NA;NA;0;5;NA;NA;0;6;0;2;4;6;NA;0;4;5;8;NA;NA;0;4;8;0;3;5;9;NA;NA;NA;NA;0;5;NA;NA;NA;NA;0;NA;NA;NA;0;5;NA;NA;NA;NA;4;NA;NA;0;2;5;NA;NA;0;5;6;NA;NA;NA;NA;0;NA;NA;NA;0;8;NA;NA;NA;0;7;NA;NA;NA;4;NA;NA;4;8;NA;NA;NA;NA;13;4;NA;NA;NA;NA;4;NA;NA;NA;NA;4;NA;NA;NA;NA;4
105;Sweden;1;1913;32;1;NA;NA;NA;NA;NA;NA;NA;0;NA;NA;NA;0;NA;NA;NA;NA;0;NA;NA;NA;0;NA;NA;NA;NA;0;NA;NA;NA;0;6;NA;NA;NA;0;11;NA;NA;NA;0;NA;NA;NA;NA;NA;0;NA;NA;NA;NA;0;NA;NA;NA;NA;0;NA;NA;NA;NA;1;NA;NA;NA;NA;0;NA;NA;NA;18;0;NA;NA;0;NA;9;NA;NA;NA;0;8;NA;NA;NA;NA;0;NA;NA;NA;1;NA;NA;NA;1;4;NA;NA;NA;1;8;NA;NA;NA;NA;1;NA;NA;NA;NA;1;NA;NA;NA;1;4
106;Switzerland;1;1915;4;2;NA;NA;NA;NA;NA;NA;NA;0;NA;NA;NA;NA;0;NA;NA;NA;NA;0;NA;NA;NA;0;NA;NA;NA;0;NA;NA;NA;0;NA;NA;NA;NA;0;NA;NA;NA;NA;0;NA;NA;NA;NA;NA;0;NA;NA;NA;NA;0;NA;NA;NA;NA;0;NA;NA;NA;NA;2;NA;NA;NA;NA;0;NA;NA;NA;0;NA;NA;NA;0;NA;NA;NA;NA;NA;0;NA;NA;NA;NA;NA;0;NA;NA;NA;2;NA;NA;NA;NA;2;NA;NA;NA;NA;2;NA;NA;NA;NA;2;NA;NA;NA;NA;2;NA;NA;NA;NA;2
107;Switzerland;2;1940;31;2;NA;NA;NA;NA;NA;NA;NA;0;6;NA;NA;NA;0;NA;NA;NA;NA;0;NA;NA;NA;0;NA;NA;NA;0;NA;NA;NA;0;NA;NA;NA;NA;0;5;NA;NA;NA;0;5;NA;NA;NA;NA;0;NA;NA;NA;NA;0;NA;NA;NA;NA;0;NA;NA;NA;NA;3;NA;NA;NA;NA;0;NA;NA;NA;NA;0;NA;NA;0;NA;NA;NA;NA;NA;0;10;NA;NA;NA;NA;0;NA;NA;NA;3;NA;NA;NA;NA;3;NA;NA;NA;3;31;NA;NA;NA;NA;3;NA;NA;NA;NA;3;NA;NA;NA;NA;3
108;Taiwan;1;1983;17;0;NA;NA;NA;10;NA;0;1;13;NA;NA;0;7;17;NA;0;3;13;17;NA;0;5;17;0;5;6;17;NA;NA;0;6;17;NA;0;4;6;17;NA;0;5;10;NA;0;3;NA;4;5;NA;0;NA;4;13;0;NA;3;NA;4;NA;0;3;6;12;NA;NA;0;9;16;NA;NA;0;4;14;NA;NA;NA;NA;0;NA;0;6;13;NA;NA;NA;NA;0;10;NA;NA;0;6;0;6;13;NA;NA;NA;0;NA;8;NA;NA;NA;0;8;9;NA;NA;NA;NA;0;NA;0;6;8;15
109;Timor-Leste;1;1996;10;0;NA;NA;NA;6;0;2;3;4;NA;0;2;4;NA;NA;0;NA;NA;4;0;2;3;4;0;3;NA;4;NA;0;3;NA;4;NA;0;NA;4;NA;0;NA;NA;4;NA;0;NA;4;NA;6;0;NA;NA;4;6;NA;NA;0;NA;6;NA;NA;NA;6;5;0;2;NA;4;NA;0;2;NA;NA;4;NA;NA;NA;NA;0;0;6;NA;9;NA;NA;NA;0;6;NA;NA;NA;5;NA;NA;NA;5;NA;NA;NA;NA;5;NA;NA;NA;NA;NA;NA;5;NA;NA;NA;5;NA;NA;NA;NA;5;NA
110;Trinidad and Tobago;1;1923;43;0;NA;NA;NA;NA;NA;0;17;NA;NA;NA;0;22;NA;0;4;19;39;NA;NA;0;13;NA;NA;0;34;NA;NA;NA;NA;NA;0;NA;NA;NA;0;37;NA;NA;NA;0;NA;NA;NA;NA;NA;0;NA;NA;NA;0;23;NA;NA;NA;0;23;NA;NA;NA;NA;2;NA;0;37;40;NA;NA;0;17;33;NA;0;NA;NA;NA;23;NA;NA;NA;0;NA;NA;NA;0;32;NA;2;5;43;NA;NA;NA;NA;15;2;NA;NA;38;23;2;NA;NA;NA;33;2;NA;NA;NA;NA;2;NA;NA;2;10;23
111;Tunisia;1;2007;5;0;0;NA;NA;4;NA;0;4;NA;NA;0;3;NA;4;NA;0;NA;NA;4;NA;0;NA;4;NA;0;NA;4;NA;0;NA;4;5;NA;0;NA;NA;4;NA;0;NA;4;NA;NA;NA;NA;0;4;NA;NA;0;NA;4;NA;NA;0;NA;4;NA;2;NA;NA;4;NA;0;NA;5;4;NA;0;NA;5;4;NA;NA;NA;NA;0;0;NA;NA;4;NA;NA;0;NA;4;NA;NA;2;4;NA;NA;2;4;NA;NA;2;NA;NA;4;NA;2;NA;NA;NA;4;NA;NA;NA;NA;2;2;NA;NA;4;NA
112;Turkey;1;1962;4;1;NA;NA;NA;NA;NA;NA;0;NA;NA;NA;NA;0;4;NA;NA;NA;0;3;NA;NA;0;2;NA;0;NA;2;NA;0;1;NA;NA;NA;NA;0;1;NA;NA;NA;0;NA;NA;NA;NA;NA;NA;0;NA;NA;NA;0;NA;NA;NA;NA;0;NA;NA;NA;NA;NA;3;NA;NA;NA;0;NA;NA;NA;NA;NA;0;NA;NA;NA;NA;0;NA;NA;NA;0;NA;NA;NA;NA;NA;0;NA;NA;3;NA;NA;NA;NA;3;NA;NA;NA;NA;3;NA;NA;NA;NA;NA;3;NA;NA;NA;NA;3;NA;NA;NA;3;NA
113;Turkey;2;1971;3;2;NA;NA;NA;NA;NA;NA;0;NA;NA;NA;NA;0;3;NA;NA;NA;NA;0;NA;NA;0;3;NA;NA;0;3;NA;0;2;NA;NA;NA;NA;0;2;NA;NA;0;2;NA;NA;NA;NA;NA;0;1;NA;NA;NA;0;NA;NA;NA;NA;0;1;NA;NA;NA;NA;2;NA;NA;0;3;NA;NA;NA;0;NA;3;NA;NA;NA;NA;0;NA;NA;NA;0;NA;NA;NA;NA;NA;0;NA;NA;2;NA;NA;NA;NA;2;NA;NA;NA;NA;2;NA;NA;NA;NA;NA;2;NA;NA;NA;2;NA;NA;NA;NA;2;NA
114;Turkey;3;1981;18;0;NA;NA;12;NA;NA;NA;0;NA;NA;0;NA;3;NA;NA;NA;0;3;9;NA;0;3;NA;0;NA;3;18;0;3;9;NA;NA;0;2;5;NA;NA;0;2;9;NA;NA;NA;NA;NA;0;2;NA;NA;0;2;NA;NA;NA;NA;0;7;NA;NA;NA;1;2;0;3;15;NA;NA;NA;0;3;15;NA;NA;NA;NA;NA;0;NA;NA;NA;0;NA;NA;NA;NA;NA;0;NA;NA;1;6;NA;NA;NA;1;NA;NA;NA;NA;1;10;NA;NA;NA;1;6;NA;NA;NA;NA;1;NA;NA;NA;1;10
115;Ukraine;1;2004;2;1;NA;NA;NA;0;NA;NA;0;NA;NA;NA;0;1;NA;NA;NA;0;1;NA;NA;NA;0;2;NA;NA;0;1;NA;NA;NA;0;1;NA;NA;NA;0;1;NA;NA;NA;0;NA;NA;NA;NA;NA;0;NA;NA;NA;1;0;NA;NA;NA;0;1;NA;NA;NA;NA;0;NA;NA;0;1;NA;NA;NA;NA;0;NA;NA;NA;NA;NA;0;NA;0;NA;1;NA;NA;NA;NA;0;NA;NA;0;NA;NA;NA;0;NA;NA;NA;0;NA;2;NA;NA;NA;NA;NA;0;NA;NA;NA;0;NA;2;NA;0;NA;2;NA
116;United Kingdom;1;1915;34;2;NA;NA;NA;NA;NA;NA;NA;0;NA;NA;NA;0;NA;NA;NA;NA;0;31;NA;NA;0;5;NA;NA;0;4;NA;NA;NA;NA;0;NA;NA;NA;0;21;NA;NA;NA;0;NA;NA;NA;NA;NA;0;NA;NA;NA;NA;0;NA;NA;NA;NA;0;NA;NA;NA;NA;3;NA;NA;NA;24;0;NA;NA;NA;0;31;NA;0;NA;NA;4;NA;NA;0;4;NA;NA;NA;0;25;NA;NA;NA;7;3;NA;NA;NA;3;NA;NA;NA;NA;3;NA;NA;NA;NA;NA;3;NA;NA;NA;NA;3;NA;NA;NA;NA;3
117;United States;1;1942;33;2;NA;NA;NA;NA;NA;NA;NA;0;NA;NA;NA;0;NA;NA;NA;NA;0;18;NA;NA;0;28;NA;NA;0;28;NA;NA;NA;0;27;NA;NA;NA;0;29;NA;NA;NA;0;18;NA;NA;NA;NA;0;NA;NA;NA;NA;0;NA;NA;NA;NA;0;NA;NA;NA;NA;0;NA;NA;NA;0;NA;NA;NA;NA;3;0;NA;NA;NA;NA;0;NA;NA;0;3;33;NA;NA;NA;0;NA;NA;0;24;NA;NA;NA;0;8;NA;NA;0;4;18;NA;NA;NA;NA;NA;0;NA;NA;NA;NA;0;NA;NA;NA;30;0
118;Uruguay;1;1934;11;1;NA;NA;NA;NA;NA;NA;0;9;NA;NA;0;5;9;NA;NA;NA;0;4;NA;0;5;NA;NA;NA;0;5;NA;NA;NA;0;8;NA;0;5;NA;NA;NA;0;4;5;11;NA;NA;NA;NA;0;NA;NA;NA;NA;0;NA;NA;NA;NA;0;NA;NA;NA;0;8;NA;NA;0;5;10;NA;NA;0;1;8;NA;NA;NA;NA;0;NA;NA;NA;0;NA;NA;NA;NA;NA;0;NA;NA;NA;0;NA;NA;0;NA;NA;NA;NA;NA;0;8;NA;NA;NA;0;8;NA;NA;NA;NA;0;NA;NA;NA;0;8
119;Uruguay;2;1980;5;0;NA;NA;NA;NA;NA;0;NA;5;NA;NA;0;5;NA;NA;0;NA;5;NA;0;NA;5;NA;NA;NA;0;5;NA;0;4;NA;5;0;4;5;NA;NA;0;NA;NA;5;NA;0;2;4;NA;5;NA;0;NA;NA;5;NA;NA;NA;0;5;NA;NA;NA;NA;4;NA;NA;0;NA;5;NA;0;1;5;NA;NA;NA;NA;NA;0;NA;NA;NA;0;5;NA;NA;NA;NA;0;NA;NA;NA;4;NA;NA;NA;NA;4;NA;NA;NA;NA;4;NA;NA;NA;NA;4;NA;NA;NA;NA;4;NA;NA;NA;NA;4
120;Vanuatu;1;1971;9;0;NA;NA;NA;NA;NA;0;NA;9;NA;NA;NA;0;NA;NA;NA;NA;0;9;NA;NA;NA;0;NA;NA;0;9;NA;NA;5;0;NA;NA;NA;NA;0;NA;NA;NA;NA;0;9;NA;NA;NA;NA;0;NA;NA;NA;NA;0;NA;NA;NA;0;NA;NA;NA;NA;NA;4;NA;NA;0;NA;9;NA;NA;NA;0;9;0;NA;NA;NA;4;0;NA;NA;9;NA;NA;NA;NA;0;NA;NA;4;NA;6;NA;NA;NA;6;4;NA;NA;8;4;NA;NA;NA;NA;NA;4;NA;NA;NA;NA;4;NA;6;4;NA;8
121;Vanuatu;2;1994;4;2;NA;NA;NA;0;NA;NA;0;NA;NA;NA;NA;0;NA;NA;NA;NA;NA;0;NA;NA;NA;0;NA;NA;NA;0;NA;NA;NA;0;NA;NA;NA;NA;0;NA;NA;NA;NA;NA;0;NA;NA;NA;NA;0;NA;NA;NA;NA;0;NA;NA;NA;0;NA;NA;NA;NA;NA;1;NA;NA;NA;NA;0;NA;NA;NA;NA;0;NA;NA;NA;NA;0;NA;NA;NA;0;NA;NA;NA;NA;0;NA;NA;1;NA;NA;NA;1;NA;NA;NA;NA;1;4;NA;NA;NA;NA;1;NA;NA;NA;NA;NA;NA;1;NA;NA;NA;1;NA
122;Vanuatu;3;2008;4;2;NA;NA;NA;0;NA;NA;0;NA;NA;NA;NA;0;NA;NA;NA;NA;NA;0;NA;NA;NA;0;NA;NA;NA;0;NA;NA;NA;NA;0;NA;NA;NA;0;NA;NA;NA;NA;NA;0;NA;NA;NA;NA;0;NA;NA;NA;NA;0;NA;NA;NA;0;NA;NA;NA;NA;NA;0;NA;NA;NA;NA;0;NA;NA;NA;NA;0;NA;NA;NA;NA;0;NA;NA;NA;0;NA;NA;NA;NA;0;NA;NA;0;NA;NA;NA;0;NA;NA;NA;NA;NA;0;NA;NA;NA;NA;NA;0;NA;NA;NA;NA;0;4;NA;NA;NA;0;NA
123;Vanuatu;4;2015;1;2;NA;NA;NA;0;NA;NA;0;NA;NA;NA;NA;0;NA;NA;NA;NA;NA;0;NA;NA;NA;0;NA;NA;NA;0;NA;NA;NA;NA;0;NA;NA;NA;0;NA;NA;NA;NA;NA;0;NA;NA;NA;NA;0;NA;NA;NA;NA;0;NA;NA;NA;0;NA;NA;NA;NA;NA;1;NA;NA;NA;NA;0;NA;NA;NA;NA;0;NA;NA;NA;NA;0;NA;NA;NA;0;NA;NA;NA;0;NA;NA;NA;1;NA;NA;NA;1;NA;NA;NA;NA;NA;1;NA;NA;NA;NA;NA;NA;1;NA;NA;NA;NA;1;NA;NA;NA;1;NA
124;Venezuela;1;1954;5;0;NA;NA;NA;NA;0;NA;4;NA;NA;0;NA;4;NA;NA;0;NA;4;5;NA;0;NA;4;NA;NA;0;4;0;NA;4;NA;5;NA;0;4;NA;5;0;NA;NA;4;NA;NA;NA;0;3;4;NA;NA;0;NA;4;NA;0;NA;4;5;NA;NA;NA;NA;3;0;NA;4;5;NA;NA;0;NA;NA;4;NA;NA;NA;NA;0;0;NA;4;5;NA;NA;NA;NA;0;NA;NA;NA;3;NA;NA;NA;NA;3;NA;NA;NA;3;4;NA;NA;3;NA;4;NA;NA;NA;3;4;NA;NA;3;NA;NA;4